region,cellline,time,concentration,n
AI,A375,24h,0.04uM,2
AI,A375,24h,0.12uM,4
AI,A375,24h,0.37uM,1
AI,A375,24h,1.11uM,4
AI,A375,24h,10uM,8
AI,A375,24h,3.33uM,2
AI,A375,6h,0.1uM,1
AI,A375,6h,0.5uM,1
AI,A375,6h,10uM,51
AI,A375,6h,1uM,1
AI,A375,6h,80uM,1
AI,A549,24h,0.1uM,1
AI,A549,24h,0.5uM,1
AI,A549,24h,10uM,18
AI,A549,6h,0.01uM,2
AI,A549,6h,0.1uM,1
AI,A549,6h,10uM,42
AI,A549,6h,1uM,1
AI,A549,6h,3uM,2
AI,A549,6h,80uM,2
AI,A673,6h,0.5uM,1
AI,A673,6h,100uM,1
AI,A673,6h,10uM,6
AI,A673,6h,1uM,1
AI,A673,6h,40uM,2
AI,A673,6h,80uM,1
AI,AGS,6h,10uM,3
AI,AGS,6h,40uM,1
AI,ASC,24h,10uM,2
AI,BT20,24h,3.33uM,1
AI,BT20,3h,10uM,2
AI,BT20,3h,3.33uM,1
AI,BT20,6h,10uM,1
AI,CD34,6h,0.5uM,1
AI,CD34,6h,10uM,1
AI,CD34,6h,1uM,1
AI,CD34,6h,3uM,1
AI,CL34,6h,10uM,3
AI,CORL23,6h,0.5uM,1
AI,CORL23,6h,10uM,5
AI,CORL23,6h,30uM,1
AI,COV644,6h,10uM,1
AI,DV90,6h,10uM,2
AI,EFO27,6h,10uM,3
AI,EFO27,6h,80uM,1
AI,FIBRNPC,24h,10uM,2
AI,FIBRNPC,6h,10uM,1
AI,H1299,6h,100uM,2
AI,H1299,6h,10uM,5
AI,H1299,6h,30uM,1
AI,HA1E,24h,0.04uM,1
AI,HA1E,24h,10uM,3
AI,HA1E,6h,0.5uM,1
AI,HA1E,6h,10uM,17
AI,HA1E,6h,80uM,1
AI,HCC15,6h,10uM,3
AI,HCC515,24h,10uM,4
AI,HCC515,6h,0.1uM,2
AI,HCC515,6h,0.5uM,3
AI,HCC515,6h,10uM,21
AI,HCC515,6h,1uM,2
AI,HCC515,6h,3uM,1
AI,HCT116,6h,0.5uM,1
AI,HCT116,6h,10uM,2
AI,HEC108,6h,10uM,3
AI,HELA,24h,0.03uM,1
AI,HELA,24h,0.04uM,1
AI,HELA,24h,0.12uM,1
AI,HELA,24h,0.1uM,1
AI,HELA,24h,0.37uM,1
AI,HELA,24h,10uM,2
AI,HELA,24h,3.33uM,2
AI,HEPG2,24h,10uM,1
AI,HEPG2,6h,100uM,1
AI,HEPG2,6h,10uM,34
AI,HEPG2,6h,80uM,1
AI,HEPG2,6h,90uM,1
AI,HME1,3h,1.11uM,1
AI,HME1,3h,10uM,2
AI,HME1,3h,3.33uM,1
AI,HS578T,24h,0.12uM,1
AI,HS578T,24h,0.37uM,1
AI,HS578T,24h,0.5uM,1
AI,HS578T,24h,1.11uM,1
AI,HS578T,24h,10uM,1
AI,HS578T,3h,0.04uM,1
AI,HS578T,3h,10uM,4
AI,HS578T,3h,3.33uM,1
AI,HT115,6h,10uM,1
AI,HT29,24h,1.11uM,1
AI,HT29,24h,10uM,4
AI,HT29,6h,0.5uM,1
AI,HT29,6h,10uM,31
AI,HUH7,6h,10uM,1
AI,HUH7,6h,1uM,1
AI,HUH7,6h,5uM,1
AI,HUVEC,24h,10uM,6
AI,LNCAP,3h,10uM,1
AI,LOVO,6h,10uM,3
AI,MCF10A,24h,0.37uM,1
AI,MCF10A,24h,10uM,1
AI,MCF10A,3h,10uM,1
AI,MCF7,24h,0.04uM,8
AI,MCF7,24h,0.12uM,2
AI,MCF7,24h,0.1uM,1
AI,MCF7,24h,0.37uM,5
AI,MCF7,24h,0.5uM,1
AI,MCF7,24h,1.11uM,1
AI,MCF7,24h,10uM,38
AI,MCF7,24h,1uM,1
AI,MCF7,24h,3.33uM,2
AI,MCF7,3h,10uM,2
AI,MCF7,6h,0.5uM,1
AI,MCF7,6h,10uM,29
AI,MCF7,6h,30uM,1
AI,MCF7,6h,3uM,1
AI,MDAMB231,24h,3.33uM,2
AI,MDAMB231,3h,10uM,3
AI,MDST8,6h,0.5uM,1
AI,MDST8,6h,100uM,1
AI,MDST8,6h,10uM,2
AI,MDST8,6h,80uM,1
AI,NCIH1694,6h,10uM,3
AI,NCIH2073,6h,10uM,4
AI,NCIH2073,6h,70uM,1
AI,NCIH2073,6h,80uM,1
AI,NCIH508,6h,10uM,1
AI,NCIH596,6h,0.5uM,1
AI,NCIH596,6h,100uM,1
AI,NCIH596,6h,10uM,3
AI,NCIH596,6h,1uM,1
AI,NCIH596,6h,80uM,1
AI,NEU,24h,10uM,5
AI,NEU,6h,10uM,7
AI,NOMO1,6h,10uM,1
AI,NPC,24h,10uM,1
AI,NPC,6h,10uM,20
AI,OV7,6h,10uM,4
AI,PC3,24h,0.04uM,2
AI,PC3,24h,0.12uM,6
AI,PC3,24h,0.37uM,6
AI,PC3,24h,0.5uM,3
AI,PC3,24h,1.11uM,11
AI,PC3,24h,10uM,62
AI,PC3,24h,1uM,1
AI,PC3,24h,20uM,1
AI,PC3,24h,3.33uM,16
AI,PC3,24h,3uM,1
AI,PC3,24h,70uM,1
AI,PC3,6h,0.5uM,1
AI,PC3,6h,10uM,52
AI,PC3,6h,1uM,2
AI,PC3,6h,20uM,1
AI,PC3,6h,30uM,1
AI,PC3,6h,3uM,4
AI,PC3,6h,5uM,1
AI,PHH,6h,10uM,2
AI,PHH,6h,3uM,2
AI,PL21,6h,10uM,2
AI,RKO,6h,10uM,1
AI,RMGI,6h,10uM,2
AI,RMUGS,6h,10uM,3
AI,RMUGS,6h,30uM,1
AI,SKB,24h,10uM,1
AI,SKBR3,24h,0.37uM,1
AI,SKBR3,24h,10uM,1
AI,SKBR3,24h,3.33uM,2
AI,SKBR3,3h,10uM,3
AI,SKBR3,3h,3.33uM,2
AI,SKL.C,24h,10uM,2
AI,SKLU1,6h,0.5uM,1
AI,SKLU1,6h,10uM,3
AI,SKLU1,6h,80uM,1
AI,SKM1,6h,0.5uM,1
AI,SKM1,6h,10uM,2
AI,SKM1,6h,40uM,1
AI,SKMEL1,6h,100uM,1
AI,SKMEL1,6h,10uM,2
AI,SKMEL28,6h,0.5uM,1
AI,SKMEL28,6h,100uM,2
AI,SKMEL28,6h,10uM,9
AI,SKMEL28,6h,40uM,1
AI,SKMEL28,6h,80uM,1
AI,SNU1040,6h,10uM,2
AI,SNU1040,6h,70uM,1
AI,SNUC4,6h,10uM,2
AI,SNUC5,6h,10uM,5
AI,SW480,6h,100uM,1
AI,SW480,6h,80uM,2
AI,SW620,6h,0.5uM,1
AI,SW620,6h,100uM,2
AI,SW620,6h,10uM,9
AI,SW620,6h,80uM,2
AI,T3M10,6h,10uM,4
AI,THP1,6h,10uM,3
AI,TYKNU,6h,100uM,1
AI,TYKNU,6h,10uM,2
AI,U937,6h,0.5uM,1
AI,U937,6h,10uM,2
AI,U937,6h,1uM,1
AI,U937,6h,3uM,1
AI,VCAP,24h,10uM,17
AI,VCAP,24h,1uM,1
AI,VCAP,24h,5uM,1
AI,VCAP,48h,1uM,1
AI,VCAP,48h,5uM,1
AI,VCAP,6h,100uM,1
AI,VCAP,6h,10uM,16
AI,VCAP,6h,1uM,1
AI,VCAP,6h,30uM,1
AI,VCAP,6h,5uM,1
AI,YAPC,24h,0.04uM,2
AI,YAPC,24h,0.12uM,8
AI,YAPC,24h,0.37uM,5
AI,YAPC,24h,1.11uM,6
AI,YAPC,24h,10uM,8
AI,YAPC,24h,3.33uM,5
CG,A375,24h,0.04uM,7
CG,A375,24h,0.12uM,7
CG,A375,24h,0.37uM,5
CG,A375,24h,0.5uM,1
CG,A375,24h,1.11uM,8
CG,A375,24h,10uM,20
CG,A375,24h,3.33uM,9
CG,A375,24h,80uM,2
CG,A375,6h,0.1uM,1
CG,A375,6h,0.5uM,1
CG,A375,6h,100uM,1
CG,A375,6h,10uM,79
CG,A375,6h,1uM,1
CG,A375,6h,80uM,1
CG,A549,24h,0.12uM,2
CG,A549,24h,0.1uM,1
CG,A549,24h,0.37uM,1
CG,A549,24h,0.5uM,4
CG,A549,24h,10uM,35
CG,A549,24h,3uM,2
CG,A549,6h,0.1uM,3
CG,A549,6h,0.5uM,3
CG,A549,6h,100uM,1
CG,A549,6h,10uM,64
CG,A549,6h,1uM,3
CG,A549,6h,3uM,7
CG,A549,6h,70uM,1
CG,A549,6h,80uM,2
CG,A673,6h,0.5uM,1
CG,A673,6h,100uM,1
CG,A673,6h,10uM,7
CG,A673,6h,1uM,1
CG,A673,6h,40uM,1
CG,A673,6h,80uM,1
CG,AGS,6h,10uM,2
CG,AGS,6h,40uM,1
CG,ASC,24h,10uM,9
CG,BT20,24h,3.33uM,1
CG,BT20,3h,10uM,1
CG,BT20,3h,3.33uM,2
CG,BT20,6h,10uM,1
CG,CD34,6h,0.5uM,1
CG,CD34,6h,10uM,1
CG,CD34,6h,1uM,1
CG,CD34,6h,3uM,1
CG,CL34,6h,0.5uM,1
CG,CL34,6h,10uM,3
CG,CORL23,6h,0.5uM,1
CG,CORL23,6h,10uM,6
CG,CORL23,6h,30uM,1
CG,COV644,6h,10uM,2
CG,COV644,6h,30uM,1
CG,DV90,6h,100uM,1
CG,DV90,6h,10uM,2
CG,DV90,6h,80uM,1
CG,EFO27,6h,10uM,4
CG,EFO27,6h,80uM,1
CG,FIBRNPC,24h,10uM,3
CG,FIBRNPC,6h,10uM,5
CG,H1299,6h,100uM,2
CG,H1299,6h,10uM,5
CG,H1299,6h,30uM,1
CG,HA1E,24h,0.04uM,2
CG,HA1E,24h,0.12uM,2
CG,HA1E,24h,0.37uM,1
CG,HA1E,24h,1.11uM,1
CG,HA1E,24h,10uM,18
CG,HA1E,24h,20uM,2
CG,HA1E,24h,3.33uM,1
CG,HA1E,6h,0.5uM,1
CG,HA1E,6h,10uM,31
CG,HA1E,6h,20uM,2
CG,HA1E,6h,80uM,2
CG,HCC15,6h,0.5uM,1
CG,HCC15,6h,10uM,4
CG,HCC515,24h,0.04uM,1
CG,HCC515,24h,0.1uM,1
CG,HCC515,24h,10uM,20
CG,HCC515,24h,3.33uM,1
CG,HCC515,24h,40uM,1
CG,HCC515,6h,0.01uM,1
CG,HCC515,6h,0.1uM,3
CG,HCC515,6h,0.5uM,3
CG,HCC515,6h,10uM,36
CG,HCC515,6h,1uM,1
CG,HCC515,6h,3uM,2
CG,HCT116,6h,0.5uM,1
CG,HCT116,6h,10uM,3
CG,HCT116,6h,80uM,1
CG,HEC108,6h,10uM,3
CG,HELA,24h,0.03uM,1
CG,HELA,24h,0.04uM,2
CG,HELA,24h,0.12uM,1
CG,HELA,24h,0.1uM,1
CG,HELA,24h,0.37uM,2
CG,HELA,24h,0.3uM,1
CG,HELA,24h,1.11uM,1
CG,HELA,24h,10uM,3
CG,HELA,24h,3.33uM,1
CG,HEPG2,24h,0.04uM,1
CG,HEPG2,24h,0.12uM,1
CG,HEPG2,24h,0.5uM,1
CG,HEPG2,24h,10uM,1
CG,HEPG2,24h,1uM,1
CG,HEPG2,24h,3.33uM,1
CG,HEPG2,24h,3uM,1
CG,HEPG2,24h,5uM,1
CG,HEPG2,6h,0.5uM,1
CG,HEPG2,6h,100uM,3
CG,HEPG2,6h,10uM,74
CG,HEPG2,6h,3uM,1
CG,HEPG2,6h,80uM,3
CG,HEPG2,6h,90uM,1
CG,HL60,6h,0.5uM,1
CG,HL60,6h,10uM,1
CG,HL60,6h,1uM,1
CG,HL60,6h,3uM,1
CG,HME1,3h,1.11uM,1
CG,HME1,3h,10uM,2
CG,HME1,3h,3.33uM,1
CG,HS578T,24h,0.12uM,2
CG,HS578T,24h,0.37uM,1
CG,HS578T,24h,0.5uM,1
CG,HS578T,24h,1.11uM,1
CG,HS578T,24h,10uM,2
CG,HS578T,24h,3.33uM,1
CG,HS578T,3h,0.04uM,2
CG,HS578T,3h,0.12uM,1
CG,HS578T,3h,0.37uM,1
CG,HS578T,3h,10uM,5
CG,HT115,6h,10uM,3
CG,HT29,24h,0.04uM,4
CG,HT29,24h,0.12uM,1
CG,HT29,24h,0.37uM,3
CG,HT29,24h,1.11uM,4
CG,HT29,24h,10uM,18
CG,HT29,24h,1uM,1
CG,HT29,24h,3.33uM,2
CG,HT29,24h,5.77uM,1
CG,HT29,6h,0.5uM,1
CG,HT29,6h,10uM,38
CG,HUH7,24h,1uM,1
CG,HUH7,24h,5uM,1
CG,HUH7,6h,10uM,2
CG,HUH7,6h,1uM,1
CG,HUH7,6h,3uM,1
CG,HUH7,6h,5uM,1
CG,HUVEC,24h,10uM,5
CG,JHUEM2,6h,80uM,1
CG,LNCAP,24h,10uM,1
CG,LNCAP,3h,10uM,2
CG,LOVO,6h,10uM,6
CG,MCF10A,24h,0.12uM,1
CG,MCF10A,24h,0.37uM,1
CG,MCF10A,24h,10uM,2
CG,MCF10A,6h,10uM,1
CG,MCF7,24h,0.04uM,6
CG,MCF7,24h,0.12uM,4
CG,MCF7,24h,0.1uM,1
CG,MCF7,24h,0.37uM,7
CG,MCF7,24h,0.5uM,7
CG,MCF7,24h,1.11uM,3
CG,MCF7,24h,1.12uM,1
CG,MCF7,24h,10uM,54
CG,MCF7,24h,1uM,1
CG,MCF7,24h,3.33uM,5
CG,MCF7,3h,10uM,2
CG,MCF7,6h,0.5uM,1
CG,MCF7,6h,100uM,1
CG,MCF7,6h,10uM,52
CG,MCF7,6h,30uM,1
CG,MCF7,6h,3uM,1
CG,MCF7,6h,70uM,1
CG,MDAMB231,24h,0.12uM,1
CG,MDAMB231,24h,1.11uM,1
CG,MDAMB231,24h,10uM,3
CG,MDAMB231,24h,3.33uM,2
CG,MDAMB231,3h,0.04uM,1
CG,MDAMB231,3h,10uM,3
CG,MDST8,6h,0.5uM,1
CG,MDST8,6h,100uM,1
CG,MDST8,6h,10uM,3
CG,MDST8,6h,80uM,1
CG,NCIH1694,6h,10uM,4
CG,NCIH2073,6h,10uM,6
CG,NCIH2073,6h,70uM,1
CG,NCIH2073,6h,80uM,1
CG,NCIH508,6h,0.5uM,1
CG,NCIH508,6h,10uM,2
CG,NCIH508,6h,40uM,1
CG,NCIH596,6h,0.5uM,1
CG,NCIH596,6h,100uM,1
CG,NCIH596,6h,10uM,4
CG,NCIH596,6h,1uM,1
CG,NCIH596,6h,80uM,1
CG,NEU,24h,10uM,10
CG,NEU,6h,10uM,7
CG,NOMO1,6h,10uM,2
CG,NOMO1,6h,1uM,1
CG,NOMO1,6h,80uM,1
CG,NPC,24h,10uM,8
CG,NPC,6h,10uM,17
CG,OV7,6h,100uM,1
CG,OV7,6h,10uM,5
CG,OV7,6h,80uM,1
CG,PC3,24h,0.04uM,2
CG,PC3,24h,0.12uM,3
CG,PC3,24h,0.1uM,2
CG,PC3,24h,0.37uM,6
CG,PC3,24h,0.5uM,4
CG,PC3,24h,1.11uM,9
CG,PC3,24h,10uM,74
CG,PC3,24h,1uM,1
CG,PC3,24h,20uM,1
CG,PC3,24h,3.33uM,14
CG,PC3,24h,3uM,1
CG,PC3,24h,40uM,1
CG,PC3,24h,70uM,1
CG,PC3,6h,10uM,68
CG,PC3,6h,1uM,1
CG,PC3,6h,30uM,1
CG,PC3,6h,3uM,4
CG,PC3,6h,5uM,1
CG,PHH,24h,10uM,6
CG,PHH,24h,3uM,1
CG,PHH,6h,10uM,4
CG,PHH,6h,3uM,2
CG,PL21,6h,10uM,3
CG,PL21,6h,1uM,1
CG,RKO,6h,10uM,4
CG,RMGI,6h,100uM,1
CG,RMGI,6h,10uM,5
CG,RMUGS,6h,0.5uM,1
CG,RMUGS,6h,10uM,3
CG,RMUGS,6h,30uM,1
CG,SKB,24h,10uM,11
CG,SKBR3,24h,0.37uM,1
CG,SKBR3,24h,1.11uM,1
CG,SKBR3,24h,10uM,1
CG,SKBR3,24h,3.33uM,2
CG,SKBR3,3h,10uM,3
CG,SKBR3,3h,3.33uM,2
CG,SKL.C,24h,10uM,2
CG,SKLU1,6h,0.5uM,1
CG,SKLU1,6h,10uM,5
CG,SKLU1,6h,80uM,1
CG,SKM1,6h,0.5uM,1
CG,SKM1,6h,100uM,1
CG,SKM1,6h,10uM,4
CG,SKM1,6h,40uM,1
CG,SKMEL1,6h,100uM,2
CG,SKMEL1,6h,10uM,4
CG,SKMEL28,6h,0.1uM,1
CG,SKMEL28,6h,0.5uM,1
CG,SKMEL28,6h,100uM,2
CG,SKMEL28,6h,10uM,11
CG,SKMEL28,6h,40uM,1
CG,SKMEL28,6h,80uM,1
CG,SNGM,6h,10uM,3
CG,SNU1040,6h,10uM,4
CG,SNU1040,6h,70uM,1
CG,SNU1040,6h,80uM,1
CG,SNUC4,6h,0.1uM,1
CG,SNUC4,6h,10uM,3
CG,SNUC4,6h,80uM,1
CG,SNUC5,6h,100uM,1
CG,SNUC5,6h,10uM,5
CG,SW480,6h,100uM,1
CG,SW480,6h,10uM,2
CG,SW480,6h,80uM,1
CG,SW620,6h,0.5uM,1
CG,SW620,6h,100uM,2
CG,SW620,6h,10uM,12
CG,SW620,6h,80uM,3
CG,SW948,6h,100uM,2
CG,SW948,6h,10uM,5
CG,SW948,6h,80uM,1
CG,T3M10,6h,10uM,4
CG,THP1,6h,10uM,4
CG,TYKNU,6h,100uM,2
CG,TYKNU,6h,10uM,3
CG,TYKNU,6h,90uM,1
CG,U937,6h,10uM,1
CG,VCAP,24h,0.5uM,3
CG,VCAP,24h,10uM,23
CG,VCAP,24h,1uM,2
CG,VCAP,24h,5uM,1
CG,VCAP,48h,1uM,1
CG,VCAP,48h,5uM,1
CG,VCAP,6h,100uM,1
CG,VCAP,6h,10uM,30
CG,VCAP,6h,1uM,1
CG,VCAP,6h,30uM,1
CG,VCAP,6h,5uM,1
CG,YAPC,24h,0.04uM,8
CG,YAPC,24h,0.12uM,11
CG,YAPC,24h,0.37uM,10
CG,YAPC,24h,1.11uM,15
CG,YAPC,24h,10uM,17
CG,YAPC,24h,3.33uM,10
DLPFC,A375,24h,1.11uM,1
DLPFC,A375,24h,10uM,4
DLPFC,A375,24h,3.33uM,2
DLPFC,A375,6h,0.5uM,1
DLPFC,A375,6h,10uM,26
DLPFC,A375,6h,80uM,1
DLPFC,A549,24h,10uM,15
DLPFC,A549,6h,0.1uM,1
DLPFC,A549,6h,0.5uM,1
DLPFC,A549,6h,10uM,32
DLPFC,A549,6h,1uM,2
DLPFC,A549,6h,3uM,4
DLPFC,A673,6h,0.5uM,1
DLPFC,A673,6h,100uM,1
DLPFC,A673,6h,10uM,4
DLPFC,AGS,6h,10uM,2
DLPFC,ASC,24h,10uM,4
DLPFC,BT20,24h,1uM,1
DLPFC,BT20,3h,3.33uM,1
DLPFC,BT20,6h,10uM,1
DLPFC,CL34,6h,0.5uM,1
DLPFC,CL34,6h,10uM,2
DLPFC,CORL23,6h,0.5uM,1
DLPFC,CORL23,6h,10uM,5
DLPFC,CORL23,6h,30uM,1
DLPFC,DV90,6h,10uM,3
DLPFC,DV90,6h,80uM,1
DLPFC,EFO27,6h,10uM,1
DLPFC,FIBRNPC,6h,10uM,3
DLPFC,H1299,6h,100uM,2
DLPFC,H1299,6h,10uM,3
DLPFC,H1299,6h,30uM,1
DLPFC,HA1E,24h,0.04uM,2
DLPFC,HA1E,24h,1.11uM,1
DLPFC,HA1E,24h,10uM,1
DLPFC,HA1E,6h,10uM,13
DLPFC,HA1E,6h,80uM,1
DLPFC,HCC15,6h,10uM,1
DLPFC,HCC515,24h,0.1uM,1
DLPFC,HCC515,24h,10uM,4
DLPFC,HCC515,6h,0.1uM,2
DLPFC,HCC515,6h,0.5uM,1
DLPFC,HCC515,6h,10uM,18
DLPFC,HCC515,6h,1uM,1
DLPFC,HCC515,6h,3uM,1
DLPFC,HCT116,6h,0.5uM,1
DLPFC,HCT116,6h,10uM,1
DLPFC,HEC108,6h,10uM,3
DLPFC,HELA,24h,0.03uM,1
DLPFC,HELA,24h,0.04uM,2
DLPFC,HELA,24h,0.12uM,1
DLPFC,HELA,24h,0.1uM,1
DLPFC,HELA,24h,0.37uM,1
DLPFC,HELA,24h,0.3uM,1
DLPFC,HELA,24h,1.11uM,1
DLPFC,HEPG2,24h,10uM,2
DLPFC,HEPG2,24h,5uM,1
DLPFC,HEPG2,6h,0.5uM,1
DLPFC,HEPG2,6h,100uM,3
DLPFC,HEPG2,6h,10uM,47
DLPFC,HEPG2,6h,80uM,2
DLPFC,HME1,24h,3.33uM,1
DLPFC,HME1,3h,10uM,1
DLPFC,HME1,3h,3.33uM,1
DLPFC,HS578T,24h,0.12uM,1
DLPFC,HS578T,24h,0.5uM,1
DLPFC,HS578T,24h,10uM,1
DLPFC,HS578T,3h,10uM,2
DLPFC,HS578T,3h,3.33uM,1
DLPFC,HT115,6h,10uM,2
DLPFC,HT29,24h,0.04uM,3
DLPFC,HT29,24h,0.12uM,2
DLPFC,HT29,24h,0.37uM,1
DLPFC,HT29,24h,1.11uM,1
DLPFC,HT29,24h,10uM,7
DLPFC,HT29,24h,3.33uM,1
DLPFC,HT29,6h,10uM,24
DLPFC,HUH7,24h,1uM,1
DLPFC,HUH7,24h,3uM,1
DLPFC,HUH7,6h,10uM,1
DLPFC,HUH7,6h,1uM,1
DLPFC,HUH7,6h,3uM,1
DLPFC,HUH7,6h,5uM,1
DLPFC,HUVEC,24h,10uM,1
DLPFC,LNCAP,3h,10uM,1
DLPFC,LOVO,6h,10uM,2
DLPFC,MCF7,24h,0.04uM,4
DLPFC,MCF7,24h,0.12uM,1
DLPFC,MCF7,24h,0.37uM,1
DLPFC,MCF7,24h,0.5uM,2
DLPFC,MCF7,24h,1.11uM,1
DLPFC,MCF7,24h,10uM,19
DLPFC,MCF7,24h,3uM,1
DLPFC,MCF7,24h,40uM,1
DLPFC,MCF7,6h,100uM,1
DLPFC,MCF7,6h,10uM,16
DLPFC,MCF7,6h,30uM,1
DLPFC,MCF7,6h,70uM,1
DLPFC,MDAMB231,3h,10uM,1
DLPFC,MDST8,6h,0.5uM,1
DLPFC,MDST8,6h,10uM,3
DLPFC,NCIH1694,6h,10uM,1
DLPFC,NCIH1694,6h,30uM,1
DLPFC,NCIH2073,6h,10uM,2
DLPFC,NCIH508,6h,10uM,1
DLPFC,NCIH596,6h,0.5uM,1
DLPFC,NCIH596,6h,100uM,1
DLPFC,NCIH596,6h,10uM,2
DLPFC,NEU,24h,10uM,4
DLPFC,NEU,6h,10uM,3
DLPFC,NOMO1,6h,10uM,1
DLPFC,NPC,24h,10uM,3
DLPFC,NPC,6h,10uM,2
DLPFC,OV7,6h,10uM,2
DLPFC,PC3,24h,0.04uM,2
DLPFC,PC3,24h,0.12uM,2
DLPFC,PC3,24h,0.37uM,4
DLPFC,PC3,24h,0.5uM,3
DLPFC,PC3,24h,1.11uM,3
DLPFC,PC3,24h,10uM,14
DLPFC,PC3,24h,3.33uM,3
DLPFC,PC3,6h,10uM,10
DLPFC,PC3,6h,1uM,1
DLPFC,PC3,6h,3uM,3
DLPFC,PHH,24h,10uM,3
DLPFC,PHH,6h,10uM,3
DLPFC,PHH,6h,3uM,2
DLPFC,RKO,6h,10uM,1
DLPFC,RMGI,6h,10uM,1
DLPFC,RMUGS,6h,10uM,2
DLPFC,RMUGS,6h,30uM,1
DLPFC,SKB,24h,10uM,2
DLPFC,SKBR3,3h,10uM,2
DLPFC,SKL.C,24h,0.37uM,1
DLPFC,SKL.C,24h,10uM,2
DLPFC,SKLU1,6h,10uM,1
DLPFC,SKMEL1,6h,100uM,1
DLPFC,SKMEL1,6h,10uM,1
DLPFC,SKMEL28,6h,0.5uM,1
DLPFC,SKMEL28,6h,100uM,2
DLPFC,SKMEL28,6h,10uM,8
DLPFC,SKMEL28,6h,80uM,1
DLPFC,SNGM,6h,10uM,2
DLPFC,SNU1040,6h,10uM,1
DLPFC,SNUC4,6h,10uM,3
DLPFC,SNUC5,6h,10uM,3
DLPFC,SW480,6h,100uM,1
DLPFC,SW480,6h,80uM,1
DLPFC,SW620,6h,0.5uM,1
DLPFC,SW620,6h,100uM,2
DLPFC,SW620,6h,10uM,6
DLPFC,SW620,6h,80uM,2
DLPFC,SW948,6h,100uM,2
DLPFC,SW948,6h,10uM,1
DLPFC,T3M10,6h,10uM,2
DLPFC,THP1,6h,10uM,2
DLPFC,TYKNU,6h,100uM,1
DLPFC,TYKNU,6h,10uM,2
DLPFC,VCAP,24h,0.5uM,1
DLPFC,VCAP,24h,10uM,5
DLPFC,VCAP,6h,10uM,4
DLPFC,YAPC,24h,0.12uM,2
DLPFC,YAPC,24h,0.37uM,1
DLPFC,YAPC,24h,1.11uM,2
DLPFC,YAPC,24h,10uM,3
NAC,A375,24h,0.04uM,3
NAC,A375,24h,0.12uM,8
NAC,A375,24h,0.37uM,9
NAC,A375,24h,1.11uM,5
NAC,A375,24h,10uM,6
NAC,A375,24h,3.33uM,10
NAC,A375,6h,0.5uM,1
NAC,A375,6h,10uM,33
NAC,A375,6h,80uM,1
NAC,A549,24h,0.12uM,1
NAC,A549,24h,0.5uM,1
NAC,A549,24h,10uM,15
NAC,A549,6h,0.01uM,1
NAC,A549,6h,0.1uM,1
NAC,A549,6h,0.5uM,2
NAC,A549,6h,10uM,29
NAC,A549,6h,3uM,3
NAC,A549,6h,80uM,1
NAC,A673,6h,1uM,1
NAC,ASC,24h,10uM,4
NAC,BT20,24h,0.5uM,1
NAC,CD34,24h,0.5uM,1
NAC,CD34,24h,1.11uM,1
NAC,CL34,6h,100uM,1
NAC,CL34,6h,10uM,2
NAC,CL34,6h,40uM,1
NAC,CORL23,6h,10uM,2
NAC,CORL23,6h,30uM,1
NAC,FIBRNPC,6h,10uM,1
NAC,H1299,6h,10uM,1
NAC,HA1E,24h,0.04uM,2
NAC,HA1E,24h,0.12uM,2
NAC,HA1E,24h,0.37uM,2
NAC,HA1E,24h,1.11uM,4
NAC,HA1E,24h,10uM,5
NAC,HA1E,24h,3.33uM,2
NAC,HA1E,6h,10uM,7
NAC,HA1E,6h,3uM,1
NAC,HA1E,6h,80uM,1
NAC,HCC15,6h,10uM,1
NAC,HCC515,24h,1.11uM,1
NAC,HCC515,24h,10uM,11
NAC,HCC515,6h,0.5uM,1
NAC,HCC515,6h,10uM,7
NAC,HCT116,6h,10uM,1
NAC,HELA,24h,0.03uM,1
NAC,HELA,24h,0.04uM,1
NAC,HELA,24h,0.12uM,2
NAC,HELA,24h,0.1uM,1
NAC,HELA,24h,0.37uM,3
NAC,HELA,24h,1.11uM,1
NAC,HELA,24h,10uM,1
NAC,HEPG2,24h,10uM,1
NAC,HEPG2,6h,10uM,6
NAC,HME1,24h,1.11uM,1
NAC,HME1,24h,10uM,1
NAC,HME1,3h,10uM,1
NAC,HME1,3h,3.33uM,1
NAC,HS578T,24h,0.12uM,1
NAC,HS578T,24h,0.37uM,1
NAC,HS578T,24h,1.11uM,1
NAC,HS578T,3h,0.04uM,1
NAC,HS578T,3h,1.11uM,1
NAC,HS578T,3h,10uM,1
NAC,HS578T,3h,3.33uM,2
NAC,HS578T,6h,0.5uM,1
NAC,HT115,6h,10uM,1
NAC,HT29,24h,10uM,2
NAC,HT29,6h,10uM,20
NAC,HUH7,24h,10uM,1
NAC,HUVEC,24h,0.04uM,3
NAC,HUVEC,24h,0.12uM,3
NAC,HUVEC,24h,10uM,6
NAC,HUVEC,24h,3.33uM,1
NAC,JHUEM2,6h,10uM,1
NAC,JURKAT,24h,0.37uM,1
NAC,LOVO,6h,10uM,2
NAC,MCF10A,24h,0.37uM,1
NAC,MCF10A,24h,10uM,1
NAC,MCF10A,6h,0.5uM,1
NAC,MCF10A,6h,10uM,1
NAC,MCF7,24h,0.04uM,9
NAC,MCF7,24h,0.12uM,7
NAC,MCF7,24h,0.1uM,1
NAC,MCF7,24h,0.37uM,9
NAC,MCF7,24h,0.5uM,1
NAC,MCF7,24h,1.11uM,8
NAC,MCF7,24h,1.12uM,1
NAC,MCF7,24h,10uM,16
NAC,MCF7,24h,3.33uM,6
NAC,MCF7,24h,3uM,2
NAC,MCF7,6h,0.5uM,1
NAC,MCF7,6h,10uM,29
NAC,MCF7,6h,1uM,1
NAC,MCF7,6h,30uM,1
NAC,MDAMB231,24h,0.37uM,1
NAC,MDAMB231,3h,3.33uM,1
NAC,MDST8,6h,0.5uM,1
NAC,MDST8,6h,10uM,2
NAC,MDST8,6h,40uM,1
NAC,NCIH1694,6h,10uM,1
NAC,NCIH2073,6h,10uM,6
NAC,NCIH2073,6h,70uM,1
NAC,NCIH596,6h,70uM,1
NAC,NEU,24h,10uM,1
NAC,NOMO1,6h,10uM,1
NAC,NOMO1,6h,1uM,2
NAC,NPC,24h,10uM,3
NAC,OV7,6h,10uM,3
NAC,OV7,6h,40uM,1
NAC,PC3,24h,0.04uM,6
NAC,PC3,24h,0.12uM,7
NAC,PC3,24h,0.1uM,2
NAC,PC3,24h,0.37uM,11
NAC,PC3,24h,0.5uM,4
NAC,PC3,24h,1.11uM,14
NAC,PC3,24h,10uM,64
NAC,PC3,24h,1uM,2
NAC,PC3,24h,3.33uM,13
NAC,PC3,24h,3uM,1
NAC,PC3,24h,40uM,2
NAC,PC3,6h,0.1uM,1
NAC,PC3,6h,0.5uM,2
NAC,PC3,6h,10uM,39
NAC,PC3,6h,1uM,1
NAC,PC3,6h,3uM,5
NAC,PHH,24h,10uM,3
NAC,PL21,6h,10uM,2
NAC,RMGI,6h,10uM,1
NAC,RMGI,6h,30uM,1
NAC,RMUGS,6h,10uM,2
NAC,RMUGS,6h,30uM,1
NAC,SKB,24h,10uM,1
NAC,SKBR3,24h,0.12uM,1
NAC,SKBR3,24h,0.37uM,1
NAC,SKBR3,3h,10uM,1
NAC,SKL.C,24h,10uM,2
NAC,SKLU1,6h,10uM,4
NAC,SKLU1,6h,80uM,1
NAC,SKM1,6h,0.5uM,1
NAC,SKM1,6h,10uM,2
NAC,SKM1,6h,40uM,1
NAC,SKMEL28,6h,0.5uM,1
NAC,SKMEL28,6h,10uM,4
NAC,SKMEL28,6h,80uM,1
NAC,SNU1040,6h,10uM,3
NAC,SNU1040,6h,70uM,1
NAC,SNUC4,6h,10uM,2
NAC,SNUC5,6h,10uM,3
NAC,SW620,6h,0.5uM,1
NAC,SW620,6h,100uM,1
NAC,SW620,6h,10uM,1
NAC,SW620,6h,80uM,1
NAC,T3M10,6h,10uM,2
NAC,THP1,6h,10uM,1
NAC,TYKNU,6h,90uM,1
NAC,VCAP,24h,10uM,4
NAC,VCAP,6h,10uM,6
NAC,YAPC,24h,0.04uM,5
NAC,YAPC,24h,0.12uM,7
NAC,YAPC,24h,0.37uM,10
NAC,YAPC,24h,1.11uM,12
NAC,YAPC,24h,10.05uM,1
NAC,YAPC,24h,10uM,8
NAC,YAPC,24h,3.33uM,9
OFC,A375,24h,0.12uM,2
OFC,A375,24h,1.11uM,3
OFC,A375,24h,10uM,7
OFC,A375,24h,3.33uM,4
OFC,A375,6h,0.5uM,1
OFC,A375,6h,10uM,45
OFC,A375,6h,80uM,1
OFC,A549,24h,0.1uM,1
OFC,A549,24h,0.5uM,3
OFC,A549,24h,10uM,19
OFC,A549,24h,3uM,2
OFC,A549,6h,0.1uM,1
OFC,A549,6h,0.5uM,1
OFC,A549,6h,10uM,37
OFC,A549,6h,1uM,1
OFC,A549,6h,3uM,2
OFC,A549,6h,80uM,1
OFC,A673,6h,0.5uM,1
OFC,A673,6h,100uM,1
OFC,A673,6h,10uM,7
OFC,A673,6h,1uM,1
OFC,A673,6h,40uM,1
OFC,A673,6h,80uM,1
OFC,AGS,6h,10uM,2
OFC,AGS,6h,40uM,1
OFC,ASC,24h,0.37uM,1
OFC,ASC,24h,10uM,5
OFC,ASC.C,24h,0.12uM,1
OFC,BT20,3h,3.33uM,2
OFC,BT20,6h,10uM,1
OFC,CD34,24h,0.12uM,1
OFC,CL34,6h,0.5uM,1
OFC,CL34,6h,10uM,2
OFC,CORL23,6h,0.5uM,1
OFC,CORL23,6h,10uM,5
OFC,CORL23,6h,30uM,1
OFC,COV644,6h,10uM,1
OFC,DV90,6h,10uM,2
OFC,DV90,6h,80uM,1
OFC,EFO27,6h,10uM,2
OFC,H1299,6h,100uM,1
OFC,H1299,6h,10uM,3
OFC,H1299,6h,30uM,1
OFC,HA1E,24h,0.12uM,1
OFC,HA1E,24h,0.37uM,1
OFC,HA1E,24h,1.11uM,1
OFC,HA1E,24h,10uM,5
OFC,HA1E,6h,10uM,11
OFC,HA1E,6h,20uM,1
OFC,HA1E,6h,80uM,1
OFC,HCC15,6h,10uM,6
OFC,HCC515,24h,0.1uM,1
OFC,HCC515,24h,10uM,3
OFC,HCC515,24h,3.33uM,1
OFC,HCC515,6h,0.1uM,3
OFC,HCC515,6h,0.5uM,3
OFC,HCC515,6h,10uM,21
OFC,HCC515,6h,1uM,1
OFC,HCC515,6h,3uM,1
OFC,HCT116,6h,0.5uM,1
OFC,HCT116,6h,10uM,2
OFC,HEC108,6h,10uM,2
OFC,HELA,24h,0.04uM,2
OFC,HELA,24h,0.12uM,2
OFC,HELA,24h,0.37uM,4
OFC,HELA,24h,10uM,9
OFC,HELA,24h,3.33uM,2
OFC,HEPG2,24h,10uM,3
OFC,HEPG2,24h,3uM,2
OFC,HEPG2,6h,100uM,2
OFC,HEPG2,6h,10uM,46
OFC,HEPG2,6h,3uM,1
OFC,HEPG2,6h,80uM,2
OFC,HME1,24h,10uM,2
OFC,HME1,24h,3.33uM,1
OFC,HME1,3h,1.11uM,1
OFC,HME1,3h,10uM,2
OFC,HME1,3h,3.33uM,1
OFC,HS578T,24h,0.5uM,1
OFC,HS578T,24h,1.11uM,1
OFC,HS578T,24h,10uM,2
OFC,HS578T,3h,0.12uM,1
OFC,HS578T,3h,0.37uM,1
OFC,HS578T,3h,1.11uM,2
OFC,HS578T,3h,10uM,3
OFC,HS578T,3h,3.33uM,1
OFC,HT115,6h,10uM,2
OFC,HT29,24h,0.04uM,1
OFC,HT29,24h,0.12uM,2
OFC,HT29,24h,0.37uM,1
OFC,HT29,24h,10uM,6
OFC,HT29,6h,0.5uM,1
OFC,HT29,6h,10uM,26
OFC,HUH7,6h,10uM,2
OFC,HUH7,6h,1uM,1
OFC,HUH7,6h,3uM,2
OFC,HUH7,6h,5uM,1
OFC,HUVEC,24h,10uM,2
OFC,LNCAP,3h,10uM,1
OFC,LOVO,6h,10uM,3
OFC,MCF10A,3h,0.04uM,1
OFC,MCF10A,3h,10uM,1
OFC,MCF7,24h,0.04uM,6
OFC,MCF7,24h,0.12uM,2
OFC,MCF7,24h,0.37uM,3
OFC,MCF7,24h,0.5uM,2
OFC,MCF7,24h,1.11uM,2
OFC,MCF7,24h,10uM,33
OFC,MCF7,24h,3uM,1
OFC,MCF7,24h,40uM,1
OFC,MCF7,24h,5uM,3
OFC,MCF7,3h,10uM,2
OFC,MCF7,3h,3.33uM,1
OFC,MCF7,6h,0.5uM,1
OFC,MCF7,6h,100uM,1
OFC,MCF7,6h,10uM,30
OFC,MCF7,6h,30uM,1
OFC,MCF7,6h,3uM,1
OFC,MCF7,6h,40uM,1
OFC,MCF7,6h,5uM,1
OFC,MDAMB231,3h,10uM,1
OFC,MDST8,6h,0.5uM,1
OFC,MDST8,6h,100uM,1
OFC,MDST8,6h,10uM,2
OFC,NCIH1694,6h,10uM,4
OFC,NCIH2073,6h,10uM,6
OFC,NCIH2073,6h,70uM,1
OFC,NCIH508,6h,10uM,1
OFC,NCIH596,6h,0.5uM,1
OFC,NCIH596,6h,100uM,1
OFC,NCIH596,6h,10uM,3
OFC,NCIH596,6h,1uM,1
OFC,NEU,24h,10uM,4
OFC,NEU,6h,10uM,4
OFC,NOMO1,6h,10uM,1
OFC,NPC,24h,10uM,3
OFC,NPC,6h,10uM,7
OFC,OV7,6h,100uM,1
OFC,OV7,6h,10uM,3
OFC,PC3,24h,0.04uM,1
OFC,PC3,24h,0.12uM,1
OFC,PC3,24h,0.37uM,4
OFC,PC3,24h,0.5uM,3
OFC,PC3,24h,1.11uM,4
OFC,PC3,24h,10uM,44
OFC,PC3,24h,3.33uM,4
OFC,PC3,24h,3uM,2
OFC,PC3,6h,100uM,1
OFC,PC3,6h,10uM,37
OFC,PC3,6h,1uM,1
OFC,PC3,6h,30uM,1
OFC,PC3,6h,3uM,4
OFC,PHH,24h,10uM,8
OFC,PHH,24h,3uM,1
OFC,PHH,6h,10uM,3
OFC,PHH,6h,3uM,2
OFC,PL21,6h,10uM,1
OFC,RMGI,6h,100uM,1
OFC,RMGI,6h,10uM,1
OFC,RMUGS,6h,10uM,3
OFC,RMUGS,6h,30uM,1
OFC,SKB,24h,10uM,3
OFC,SKBR3,24h,3.33uM,1
OFC,SKBR3,3h,0.04uM,1
OFC,SKBR3,3h,10uM,3
OFC,SKBR3,3h,3.33uM,2
OFC,SKL.C,24h,0.37uM,1
OFC,SKL.C,24h,10uM,2
OFC,SKLU1,6h,0.5uM,1
OFC,SKLU1,6h,10uM,3
OFC,SKM1,6h,10uM,1
OFC,SKMEL1,6h,100uM,1
OFC,SKMEL1,6h,10uM,4
OFC,SKMEL28,6h,0.5uM,1
OFC,SKMEL28,6h,100uM,2
OFC,SKMEL28,6h,10uM,7
OFC,SKMEL28,6h,80uM,1
OFC,SNGM,6h,10uM,2
OFC,SNU1040,6h,10uM,1
OFC,SNU1040,6h,70uM,1
OFC,SNUC4,6h,10uM,1
OFC,SNUC5,6h,100uM,1
OFC,SNUC5,6h,10uM,3
OFC,SW480,6h,0.5uM,1
OFC,SW480,6h,100uM,1
OFC,SW480,6h,10uM,1
OFC,SW480,6h,80uM,1
OFC,SW620,6h,0.5uM,1
OFC,SW620,6h,100uM,2
OFC,SW620,6h,10uM,8
OFC,SW620,6h,80uM,3
OFC,SW948,6h,100uM,2
OFC,SW948,6h,10uM,3
OFC,T3M10,6h,10uM,2
OFC,THP1,6h,10uM,1
OFC,TYKNU,6h,100uM,1
OFC,TYKNU,6h,10uM,2
OFC,U937,6h,10uM,1
OFC,VCAP,24h,0.5uM,1
OFC,VCAP,24h,10uM,9
OFC,VCAP,24h,1uM,1
OFC,VCAP,24h,5uM,1
OFC,VCAP,48h,1uM,1
OFC,VCAP,48h,5uM,1
OFC,VCAP,6h,100uM,1
OFC,VCAP,6h,10uM,18
OFC,VCAP,6h,1uM,1
OFC,VCAP,6h,30uM,1
OFC,VCAP,6h,5uM,1
OFC,YAPC,24h,0.12uM,3
OFC,YAPC,24h,0.37uM,4
OFC,YAPC,24h,1.11uM,4
OFC,YAPC,24h,10uM,7
SUB,A375,24h,0.04uM,4
SUB,A375,24h,0.12uM,4
SUB,A375,24h,0.1uM,1
SUB,A375,24h,0.37uM,5
SUB,A375,24h,1.11uM,7
SUB,A375,24h,10uM,16
SUB,A375,24h,3.33uM,6
SUB,A375,6h,0.1uM,1
SUB,A375,6h,0.5uM,1
SUB,A375,6h,100uM,1
SUB,A375,6h,10uM,55
SUB,A375,6h,1uM,1
SUB,A375,6h,80uM,1
SUB,A549,24h,0.1uM,1
SUB,A549,24h,0.37uM,1
SUB,A549,24h,0.5uM,2
SUB,A549,24h,100uM,1
SUB,A549,24h,10uM,36
SUB,A549,24h,1uM,1
SUB,A549,24h,3uM,3
SUB,A549,6h,0.01uM,1
SUB,A549,6h,0.1uM,2
SUB,A549,6h,0.5uM,2
SUB,A549,6h,100uM,2
SUB,A549,6h,10uM,59
SUB,A549,6h,1uM,4
SUB,A549,6h,3uM,7
SUB,A549,6h,70uM,1
SUB,A549,6h,80uM,2
SUB,A673,6h,0.5uM,1
SUB,A673,6h,100uM,1
SUB,A673,6h,10uM,6
SUB,A673,6h,1uM,1
SUB,A673,6h,40uM,1
SUB,A673,6h,80uM,1
SUB,AGS,6h,10uM,2
SUB,AGS,6h,40uM,1
SUB,ASC,24h,0.04uM,1
SUB,ASC,24h,0.37uM,1
SUB,ASC,24h,10uM,1
SUB,ASC.C,24h,10uM,1
SUB,BT20,24h,0.04uM,1
SUB,BT20,24h,0.12uM,1
SUB,BT20,24h,0.37uM,1
SUB,BT20,24h,10uM,1
SUB,BT20,24h,3.33uM,2
SUB,BT20,3h,10uM,3
SUB,BT20,3h,3.33uM,2
SUB,BT20,6h,10uM,1
SUB,CD34,24h,10uM,1
SUB,CD34,6h,0.5uM,2
SUB,CD34,6h,10uM,1
SUB,CD34,6h,1uM,1
SUB,CD34,6h,3uM,1
SUB,CL34,6h,10uM,2
SUB,CORL23,6h,0.5uM,1
SUB,CORL23,6h,10uM,5
SUB,CORL23,6h,30uM,1
SUB,COV644,6h,10uM,2
SUB,COV644,6h,30uM,1
SUB,DV90,6h,10uM,3
SUB,DV90,6h,80uM,1
SUB,EFO27,6h,10uM,3
SUB,FIBRNPC,6h,10uM,2
SUB,H1299,6h,100uM,2
SUB,H1299,6h,10uM,3
SUB,H1299,6h,30uM,1
SUB,HA1E,24h,10uM,3
SUB,HA1E,24h,20uM,1
SUB,HA1E,6h,0.5uM,1
SUB,HA1E,6h,10uM,20
SUB,HA1E,6h,80uM,1
SUB,HCC15,6h,0.5uM,1
SUB,HCC15,6h,10uM,6
SUB,HCC515,24h,10uM,2
SUB,HCC515,6h,0.01uM,1
SUB,HCC515,6h,0.1uM,2
SUB,HCC515,6h,0.5uM,2
SUB,HCC515,6h,10uM,30
SUB,HCC515,6h,1uM,3
SUB,HCC515,6h,3uM,2
SUB,HCT116,6h,0.5uM,1
SUB,HCT116,6h,10uM,1
SUB,HEC108,6h,10uM,3
SUB,HELA,24h,0.03uM,1
SUB,HELA,24h,0.04uM,1
SUB,HELA,24h,0.12uM,1
SUB,HELA,24h,0.1uM,1
SUB,HELA,24h,0.37uM,1
SUB,HELA,24h,1.11uM,1
SUB,HELA,24h,10uM,3
SUB,HEPG2,24h,0.12uM,2
SUB,HEPG2,24h,0.37uM,1
SUB,HEPG2,24h,1.11uM,3
SUB,HEPG2,24h,10uM,2
SUB,HEPG2,24h,20uM,1
SUB,HEPG2,24h,3.33uM,3
SUB,HEPG2,6h,0.5uM,1
SUB,HEPG2,6h,100uM,3
SUB,HEPG2,6h,10uM,58
SUB,HEPG2,6h,3uM,1
SUB,HEPG2,6h,80uM,3
SUB,HEPG2,6h,90uM,1
SUB,HL60,24h,10uM,1
SUB,HL60,24h,1uM,1
SUB,HL60,24h,3uM,2
SUB,HL60,6h,0.5uM,1
SUB,HL60,6h,1uM,1
SUB,HL60,6h,3uM,1
SUB,HME1,3h,10uM,1
SUB,HME1,3h,3.33uM,1
SUB,HS578T,24h,10uM,1
SUB,HS578T,3h,0.12uM,1
SUB,HS578T,3h,0.37uM,1
SUB,HS578T,3h,1.11uM,1
SUB,HS578T,3h,10uM,4
SUB,HT115,6h,10uM,3
SUB,HT29,24h,10uM,3
SUB,HT29,6h,0.5uM,1
SUB,HT29,6h,10uM,38
SUB,HUH7,24h,10uM,1
SUB,HUH7,24h,1uM,1
SUB,HUH7,24h,5uM,1
SUB,HUH7,6h,10uM,2
SUB,HUH7,6h,1uM,1
SUB,HUH7,6h,5uM,1
SUB,HUVEC,24h,0.37uM,1
SUB,HUVEC,24h,10uM,2
SUB,LNCAP,3h,10uM,1
SUB,LOVO,6h,10uM,3
SUB,MCF10A,24h,10uM,1
SUB,MCF10A,6h,10uM,1
SUB,MCF7,24h,0.01uM,2
SUB,MCF7,24h,0.04uM,4
SUB,MCF7,24h,0.12uM,2
SUB,MCF7,24h,0.1uM,3
SUB,MCF7,24h,0.5uM,6
SUB,MCF7,24h,10uM,55
SUB,MCF7,24h,1uM,4
SUB,MCF7,24h,20uM,1
SUB,MCF7,24h,3.33uM,1
SUB,MCF7,24h,3uM,5
SUB,MCF7,24h,4.17uM,1
SUB,MCF7,24h,5uM,1
SUB,MCF7,3h,10uM,1
SUB,MCF7,6h,0.1uM,1
SUB,MCF7,6h,0.5uM,1
SUB,MCF7,6h,100uM,1
SUB,MCF7,6h,10uM,45
SUB,MCF7,6h,1uM,1
SUB,MCF7,6h,20uM,1
SUB,MCF7,6h,30uM,1
SUB,MCF7,6h,3uM,2
SUB,MCF7,6h,40uM,3
SUB,MCF7,6h,5uM,2
SUB,MCF7,6h,70uM,1
SUB,MDAMB231,24h,10uM,3
SUB,MDAMB231,24h,3.33uM,1
SUB,MDAMB231,3h,10uM,1
SUB,MDST8,6h,0.5uM,1
SUB,MDST8,6h,10uM,2
SUB,NCIH1694,6h,10uM,4
SUB,NCIH2073,6h,10uM,5
SUB,NCIH2073,6h,70uM,1
SUB,NCIH508,6h,10uM,2
SUB,NCIH508,6h,40uM,1
SUB,NCIH596,6h,0.5uM,1
SUB,NCIH596,6h,100uM,1
SUB,NCIH596,6h,10uM,5
SUB,NCIH596,6h,1uM,1
SUB,NEU,6h,10uM,3
SUB,NKDBA,24h,10uM,1
SUB,NKDBA,24h,1uM,1
SUB,NOMO1,6h,10uM,2
SUB,NOMO1,6h,1uM,1
SUB,NPC,24h,10uM,3
SUB,NPC,6h,10uM,10
SUB,OV7,6h,100uM,1
SUB,OV7,6h,10uM,3
SUB,PC3,24h,0.04uM,3
SUB,PC3,24h,0.12uM,5
SUB,PC3,24h,0.37uM,7
SUB,PC3,24h,0.3uM,1
SUB,PC3,24h,0.5uM,4
SUB,PC3,24h,1.11uM,9
SUB,PC3,24h,10uM,68
SUB,PC3,24h,2.7uM,1
SUB,PC3,24h,3.33uM,9
SUB,PC3,24h,3uM,1
SUB,PC3,24h,40uM,2
SUB,PC3,24h,5uM,1
SUB,PC3,6h,0.5uM,2
SUB,PC3,6h,100uM,1
SUB,PC3,6h,10uM,71
SUB,PC3,6h,1uM,1
SUB,PC3,6h,30uM,1
SUB,PC3,6h,3uM,4
SUB,PC3,6h,5uM,1
SUB,PHH,24h,10uM,2
SUB,PHH,6h,10uM,3
SUB,PHH,6h,3uM,2
SUB,PL21,6h,10uM,3
SUB,PL21,6h,90uM,1
SUB,RMGI,6h,100uM,1
SUB,RMGI,6h,10uM,2
SUB,RMUGS,6h,10uM,3
SUB,RMUGS,6h,30uM,1
SUB,SKBR3,24h,10uM,1
SUB,SKBR3,24h,3.33uM,2
SUB,SKBR3,3h,10uM,2
SUB,SKBR3,3h,3.33uM,1
SUB,SKL,24h,10uM,1
SUB,SKL.C,24h,10uM,2
SUB,SKLU1,6h,0.5uM,1
SUB,SKLU1,6h,10uM,3
SUB,SKLU1,6h,1uM,1
SUB,SKM1,6h,10uM,1
SUB,SKMEL1,6h,100uM,2
SUB,SKMEL1,6h,10uM,3
SUB,SKMEL28,6h,0.5uM,1
SUB,SKMEL28,6h,100uM,2
SUB,SKMEL28,6h,10uM,7
SUB,SKMEL28,6h,40uM,1
SUB,SKMEL28,6h,80uM,1
SUB,SNGM,6h,10uM,2
SUB,SNU1040,6h,10uM,3
SUB,SNU1040,6h,70uM,1
SUB,SNUC4,6h,0.1uM,1
SUB,SNUC4,6h,10uM,2
SUB,SNUC5,6h,100uM,1
SUB,SNUC5,6h,10uM,4
SUB,SW480,6h,100uM,1
SUB,SW480,6h,10uM,2
SUB,SW620,6h,0.5uM,1
SUB,SW620,6h,100uM,2
SUB,SW620,6h,10uM,10
SUB,SW620,6h,80uM,3
SUB,SW948,6h,100uM,2
SUB,SW948,6h,10uM,2
SUB,T3M10,6h,10uM,4
SUB,THP1,6h,10uM,3
SUB,TYKNU,6h,100uM,1
SUB,TYKNU,6h,10uM,2
SUB,U266,6h,0.5uM,1
SUB,U266,6h,10uM,2
SUB,U266,6h,3uM,2
SUB,U937,6h,10uM,2
SUB,VCAP,24h,0.5uM,1
SUB,VCAP,24h,10uM,25
SUB,VCAP,24h,1uM,1
SUB,VCAP,24h,5uM,1
SUB,VCAP,48h,1uM,1
SUB,VCAP,48h,5uM,1
SUB,VCAP,6h,100uM,1
SUB,VCAP,6h,10uM,28
SUB,VCAP,6h,1uM,1
SUB,VCAP,6h,30uM,1
SUB,VCAP,6h,5uM,1
SUB,WSUDLCL2,6h,10uM,1
SUB,YAPC,24h,0.04uM,2
SUB,YAPC,24h,0.12uM,1
SUB,YAPC,24h,0.37uM,5
SUB,YAPC,24h,1.11uM,8
SUB,YAPC,24h,10uM,12
SUB,YAPC,24h,3.33uM,6
SUB,YAPC,24h,8.11uM,1
